{
    "model_type": "lenet_adversarial",
    "timestamp": "20250330_132230",
    "epsilon": 0.05,
    "mix_ratio": 0.5,
    "metrics": {
        "accuracy": 0.7709395549950455,
        "balanced_accuracy": 0.8049883594993839,
        "precision": 0.5619867976171309,
        "recall": 0.88400658477903,
        "specificity": 0.7259701342197376,
        "f1_score": 0.6871401151631478,
        "auc": 0.895264192841016,
        "confusion_matrix": [
            [
                28829,
                10882
            ],
            [
                1832,
                13962
            ]
        ]
    },
    "config": {
        "data_dir": "data/",
        "epochs": 20,
        "batch_size": 1024,
        "learning_rate": 0.0001,
        "val_ratio": 0.2,
        "seed": 42,
        "epsilon": 0.05,
        "mix_ratio": 0.5
    }
}