{
    "accuracy": 0.7709395549950455,
    "balanced_accuracy": 0.8049883594993839,
    "precision": 0.5619867976171309,
    "recall": 0.88400658477903,
    "specificity": 0.7259701342197376,
    "f1_score": 0.6871401151631478,
    "auc": 0.895264192841016,
    "confusion_matrix": [
        [
            28829,
            10882
        ],
        [
            1832,
            13962
        ]
    ]
}