{
    "epochs": 20,
    "epsilon": 0.05,
    "mix_ratio": 0.5,
    "train_losses": [
        0.629841872074637,
        0.5961413048379433,
        0.5799395186560494,
        0.5710704532636476,
        0.5558773824421491,
        0.513961721949863,
        0.4610344058906977,
        0.4129184808599235,
        0.37029207274661086,
        0.34465640838245093,
        0.3321954456891882,
        0.3207859185434157
    ],
    "val_losses": [
        0.47329780134287747,
        0.4582836129448631,
        0.4442240682515231,
        0.43292643211104653,
        0.424780964309519,
        0.42359914725477044,
        0.4036805830218575,
        0.41614548130468887,
        0.4344526637684215,
        0.4273451268672943,
        0.4170215010643005,
        0.4362294126640667
    ],
    "clean_val_accuracies": [
        0.8113503287992073,
        0.8226646248085758,
        0.816791280064859,
        0.8204486082334925,
        0.8199081163859112,
        0.8349337897486713,
        0.8299612647509234,
        0.8101972795243672,
        0.7867399333393388,
        0.787514638320872,
        0.7838392937573192,
        0.7709395549950455
    ],
    "adv_val_accuracies": [
        0.5610845869741464,
        0.5966489505449959,
        0.5970633276281416,
        0.6024502297090352,
        0.6316728222682642,
        0.6939374831096298,
        0.649364922079092,
        0.5945049995495901,
        0.4108638861363841,
        0.6694351860192775,
        0.6143950995405819,
        0.39362219619854066
    ]
}