{
    "attack": "DeepFool",
    "overshoot": 0.02,
    "max_iter": 50,
    "clean_accuracy": 0.7826682280875596,
    "adversarial_accuracy": 1.801639491937663e-05,
    "attack_success_rate": 0.7826502116926403,
    "attack_success_rate_correct": 0.7826502116926403
}