{
    "attack": "FGSM",
    "epsilon": 0.05,
    "clean_accuracy": 0.7867219169444194,
    "adversarial_accuracy": 0.030321592649310874,
    "attack_success_rate": 0.7564003242951085,
    "attack_success_rate_correct": 0.7564003242951085
}