{
    "attack": "FGSM",
    "epsilon": 0.01,
    "clean_accuracy": 0.7867219169444194,
    "adversarial_accuracy": 0.5373569948653274,
    "attack_success_rate": 0.24936492207909197,
    "attack_success_rate_correct": 0.24936492207909197
}