{
    "attack": "FGSM",
    "epsilon": 0.1,
    "clean_accuracy": 0.7867219169444194,
    "adversarial_accuracy": 0.0008107377713719485,
    "attack_success_rate": 0.7859111791730474,
    "attack_success_rate_correct": 0.7859111791730474
}