{
    "attack": "FGSM",
    "epsilon": 0.05,
    "clean_accuracy": 0.8121430501756598,
    "adversarial_accuracy": 0.17189442392577245,
    "attack_success_rate": 0.6403206918295649,
    "attack_success_rate_correct": 0.6402846590397262
}