{
    "attack": "FGSM",
    "epsilon": 0.01,
    "clean_accuracy": 0.8121430501756598,
    "adversarial_accuracy": 0.6702639401855689,
    "attack_success_rate": 0.14187910999009098,
    "attack_success_rate_correct": 0.14187910999009098
}