{
    "attack": "FGSM",
    "epsilon": 0.2,
    "clean_accuracy": 0.8121430501756598,
    "adversarial_accuracy": 0.03868119989190163,
    "attack_success_rate": 0.7735339158634357,
    "attack_success_rate_correct": 0.773497883073597
}