{
    "accuracy": 0.7562381767408342,
    "precision": 0.681062060140755,
    "recall": 0.269596049132582,
    "f1_score": 0.38628322598203757,
    "auc": 0.7551594500033542,
    "confusion_matrix": [
        [
            37717,
            1994
        ],
        [
            11536,
            4258
        ]
    ]
}