{
    "accuracy": 0.7809026213854607,
    "balanced_accuracy": 0.7824932351957723,
    "precision": 0.5856799207584548,
    "recall": 0.7861846270735723,
    "specificity": 0.7788018433179723,
    "f1_score": 0.6712799026895526,
    "auc": 0.8535303975873019,
    "confusion_matrix": [
        [
            30927,
            8784
        ],
        [
            3377,
            12417
        ]
    ]
}