{
    "accuracy": 0.8121430501756598,
    "balanced_accuracy": 0.7955171975124428,
    "precision": 0.6447176832227794,
    "recall": 0.7569330125364062,
    "specificity": 0.8341013824884793,
    "f1_score": 0.6963334012872412,
    "auc": 0.8685974683614377,
    "confusion_matrix": [
        [
            33123,
            6588
        ],
        [
            3839,
            11955
        ]
    ]
}