{
    "accuracy": 0.7906314746419242,
    "balanced_accuracy": 0.7911748841723324,
    "precision": 0.5990783410138248,
    "recall": 0.7924312654771731,
    "specificity": 0.7899185028674917,
    "f1_score": 0.6823214236898937,
    "auc": 0.8536462892882726,
    "confusion_matrix": [
        [
            31404,
            8352
        ],
        [
            3269,
            12480
        ]
    ]
}