{
    "epochs": 20,
    "epsilon": 0.03,
    "mix_ratio": 0.5,
    "train_losses": [
        0.7013577904020037,
        0.6801653866256986,
        0.6475178152322769,
        0.6246468339647565,
        0.613646964941706,
        0.6088696271181107,
        0.6031744735581535,
        0.5984711306435722,
        0.5946978500911168,
        0.5931772461959294,
        0.589187856231417,
        0.5871879011392593,
        0.5854650224958148,
        0.5850718766450882,
        0.5819232165813446,
        0.5823586583137512,
        0.5813166392701012,
        0.5797260637794223,
        0.5788496562412807,
        0.5776546342032296
    ],
    "val_losses": [
        0.6781025614057269,
        0.5657740235328674,
        0.5210505042757306,
        0.5032937356403896,
        0.5088326292378562,
        0.4921090304851532,
        0.4903242715767452,
        0.4887868847165789,
        0.4860445559024811,
        0.48571752650397165,
        0.48325746400015696,
        0.4830484560557774,
        0.4819539189338684,
        0.4806726149150303,
        0.4802692489964621,
        0.4794002388204847,
        0.4789706936904362,
        0.47861472623688833,
        0.478095075913838,
        0.47811102441379
    ],
    "clean_val_accuracies": [
        0.7136834519412666,
        0.7456625529231601,
        0.7274299612647509,
        0.7733537519142419,
        0.8003603278983875,
        0.7891000810737772,
        0.7865057202053869,
        0.7795153589766688,
        0.794162688046122,
        0.7963606882262859,
        0.7865777857850644,
        0.7945590487343482,
        0.7949013602378164,
        0.7871002612377264,
        0.7910458517250698,
        0.789190163048374,
        0.7868480317088551,
        0.7874065399513558,
        0.7889919827042609,
        0.7906314746419242
    ],
    "adv_val_accuracies": [
        0.29411764705882354,
        0.5291955679668499,
        0.5020088280335105,
        0.5764525718403748,
        0.6559228898297451,
        0.6165570669309072,
        0.6221241329609946,
        0.6094766237275921,
        0.6455634627511035,
        0.6556706603008738,
        0.6355643635708494,
        0.656445365282407,
        0.6585893162778128,
        0.6458156922799748,
        0.6568597423655527,
        0.6548058733447437,
        0.6512566435456265,
        0.6535627420953067,
        0.6575623817674083,
        0.6639221691739483
    ]
}