{
    "standard_model": {
        "clean_accuracy": 0.8121430501756598,
        "adversarial_accuracy": {
            "0.01": 0.6702639401855689,
            "0.05": 0.17189442392577245,
            "0.1": 0.13634807674984237,
            "0.2": 0.03868119989190163
        }
    },
    "adversarial_model": {
        "clean_accuracy": 0.792252950184668,
        "adversarial_accuracy": {
            "0.01": 0.734708584812179,
            "0.05": 0.6565534636519232,
            "0.1": 0.5716421943969012,
            "0.2": 0.41360237816412937
        }
    }
}