{
    "model_type": "logistic_regression_adversarial",
    "timestamp": "20250330_113725",
    "epsilon": 0.05,
    "mix_ratio": 0.5,
    "metrics": {
        "accuracy": 0.7720385550851274,
        "balanced_accuracy": 0.7742964827935144,
        "precision": 0.5731043150397989,
        "recall": 0.77953653286058,
        "specificity": 0.7690564327264486,
        "f1_score": 0.6605681787697508,
        "auc": 0.8450548772561891,
        "confusion_matrix": [
            [
                30540,
                9171
            ],
            [
                3482,
                12312
            ]
        ]
    },
    "config": {
        "data_path": "data/",
        "epochs": 10,
        "batch_size": 1024,
        "learning_rate": 1e-05,
        "weight_decay": 1e-05,
        "val_ratio": 0.2,
        "seed": 42,
        "epsilon": 0.05,
        "mix_ratio": 0.5
    }
}