{
    "epochs": 10,
    "epsilon": 0.05,
    "mix_ratio": 0.5,
    "train_losses": [
        3.379620923424646,
        4.172479819592243,
        1.8804187857060939,
        0.9977915476544112,
        0.7239931088438781,
        0.652509206725705,
        0.6418943778710431,
        0.6406832241242931,
        0.6402500672823822,
        0.6396532643775237
    ],
    "val_losses": [
        0.7332485047253695,
        0.5951962611892007,
        0.5315276460214095,
        0.5249599575996399,
        0.5283735914663835,
        0.5275986086238514,
        0.5259700314565139,
        0.5253865258260206,
        0.5248732214624231,
        0.5237317469987002
    ],
    "clean_val_accuracies": [
        0.7462751103504189,
        0.755895865237366,
        0.7598594721196289,
        0.7622376362489865,
        0.7624358165930997,
        0.7650662102513287,
        0.7680749482028646,
        0.7699306368795604,
        0.7710836861544005,
        0.7720385550851274
    ],
    "adv_val_accuracies": [
        0.0007386721916944419,
        0.0215115755337357,
        0.06804792361048555,
        0.26875056301234124,
        0.5132870912530403,
        0.5608683902351139,
        0.5657328168633456,
        0.5674623907756058,
        0.5684713088910909,
        0.5692099810827853
    ]
}