{
    "model_type": "mlp_adversarial",
    "timestamp": "20250330_145822",
    "epsilon": 0.05,
    "mix_ratio": 0.5,
    "hidden_size": 32,
    "metrics": {
        "accuracy": 0.792252950184668,
        "balanced_accuracy": 0.7835806289398738,
        "precision": 0.6073641263285146,
        "recall": 0.7634544763834368,
        "specificity": 0.8037067814963108,
        "f1_score": 0.67652256851909,
        "auc": 0.854390071278792,
        "confusion_matrix": [
            [
                31916,
                7795
            ],
            [
                3736,
                12058
            ]
        ]
    },
    "config": {
        "data_path": "data/",
        "epochs": 20,
        "batch_size": 1024,
        "learning_rate": 1e-05,
        "weight_decay": 1e-05,
        "val_ratio": 0.2,
        "seed": 42,
        "epsilon": 0.05,
        "mix_ratio": 0.5,
        "hidden_size": 32
    }
}