{
    "accuracy": 0.792252950184668,
    "balanced_accuracy": 0.7835806289398738,
    "precision": 0.6073641263285146,
    "recall": 0.7634544763834368,
    "specificity": 0.8037067814963108,
    "f1_score": 0.67652256851909,
    "auc": 0.854390071278792,
    "confusion_matrix": [
        [
            31916,
            7795
        ],
        [
            3736,
            12058
        ]
    ]
}