{
    "epochs": 20,
    "epsilon": 0.05,
    "mix_ratio": 0.5,
    "train_losses": [
        0.7436291564444792,
        0.7651225644322585,
        0.67631301242635,
        0.6373959084809651,
        0.615978702696787,
        0.6044630386312986,
        0.5964021278965858,
        0.5907640654919883,
        0.586448310707022,
        0.585135253343714,
        0.5836340677902995,
        0.5836329583748145,
        0.5824619979352995,
        0.5820547325819868,
        0.5812935318265643,
        0.5816065767943035,
        0.5810432458802852,
        0.5811477374920647,
        0.5813550756823632,
        0.5808432549924895
    ],
    "val_losses": [
        0.5223729160698978,
        0.5007791443304582,
        0.4950222486799413,
        0.4921928205273368,
        0.4908795882355083,
        0.4891772622411901,
        0.4879773053255948,
        0.4870313037525524,
        0.48662873018871655,
        0.48605430613864553,
        0.48581391193649986,
        0.4854170311581005,
        0.4850928176533092,
        0.4848892016844316,
        0.48478505611419676,
        0.48470897295258264,
        0.4845766257156025,
        0.48452232534235173,
        0.48446905396201395,
        0.48439846255562524
    ],
    "clean_val_accuracies": [
        0.7690478335285109,
        0.786271507071435,
        0.7886316548058734,
        0.7888298351499865,
        0.7907575894063598,
        0.7896585893162779,
        0.7901990811638591,
        0.7901089991892623,
        0.7903792451130529,
        0.790289163138456,
        0.791388163228538,
        0.7918025403116836,
        0.7919466714710387,
        0.7917845239167642,
        0.79219890099991,
        0.792108819025313,
        0.7923430321592649,
        0.79219890099991,
        0.7922889829745068,
        0.792252950184668
    ],
    "adv_val_accuracies": [
        0.5740924241059364,
        0.6644446446266102,
        0.6699216286821007,
        0.6750563012341231,
        0.6751103504188812,
        0.6629132510584632,
        0.6614899558598325,
        0.6599765786866049,
        0.6586073326727322,
        0.6577065129267634,
        0.6589136113863616,
        0.6577965949013602,
        0.6577605621115215,
        0.6567696603909557,
        0.6569137915503108,
        0.656157102963697,
        0.6560309881992613,
        0.6560670209891001,
        0.6566075128366814,
        0.6565534636519232
    ]
}