{
    "accuracy": 0.8469327087649762,
    "balanced_accuracy": 0.8523389501686088,
    "precision": 0.6822495255219259,
    "recall": 0.8648853995188046,
    "specificity": 0.8397925008184131,
    "f1_score": 0.7627875809693991,
    "auc": 0.9243538594775771,
    "confusion_matrix": [
        [
            33349,
            6362
        ],
        [
            2134,
            13660
        ]
    ]
}