{
    "train_losses": [
        0.5353808429109336,
        0.4547992475021819,
        0.43190296701571906,
        0.40829483910639713,
        0.39383880155427115,
        0.38511721714301045,
        0.38020535479492856,
        0.3750360422694738,
        0.37128489316883173,
        0.36931218749367145,
        0.3667539624574547,
        0.36356867636953083,
        0.36156871914863586,
        0.3593289510170985,
        0.35924013556423273,
        0.35726656781912947,
        0.35614971370191617,
        0.3551841861641352,
        0.3548677394741691,
        0.3541662264529461
    ],
    "val_losses": [
        0.4470389848405665,
        0.42673674550923435,
        0.41083932193842804,
        0.3933757901191711,
        0.3941843184557828,
        0.37882966236634685,
        0.36903395761143076,
        0.365081542188471,
        0.3602092190222307,
        0.36286418817260047,
        0.36262296384031123,
        0.372308180548928,
        0.35768306743014944,
        0.3527225841175426,
        0.354163504188711,
        0.3507778427817605,
        0.3506701046770269,
        0.3499259423125874,
        0.3498893428932537,
        0.3497082563963803
    ],
    "best_epoch": 19,
    "best_val_loss": 0.3497082563963803,
    "num_parameters": 289850,
    "final_learning_rate": 8.513450158049108e-07
}