{
    "accuracy": 0.8699036122871814,
    "balanced_accuracy": 0.8486212895296013,
    "precision": 0.7560653374969973,
    "recall": 0.7994158359260906,
    "specificity": 0.897826743133112,
    "f1_score": 0.777136508132465,
    "auc": 0.9322614815253356,
    "confusion_matrix": [
        [
            35694,
            4062
        ],
        [
            3159,
            12590
        ]
    ]
}