{
    "epochs": 20,
    "train_losses": [
        0.44719110781496224,
        0.395558380538767,
        0.38444890488277783,
        0.38340332399715077,
        0.3715177530592138,
        0.3668910411271182,
        0.36368897557258606,
        0.3621301607652144,
        0.3574538003314625,
        0.3543863383206454,
        0.3550841889598153,
        0.3491408185525374,
        0.3458576229485599,
        0.34496311220255765,
        0.34179121743549,
        0.3407940122214231,
        0.34260481054132635,
        0.3397342389280146,
        0.3384669363498688,
        0.338603707335212
    ],
    "val_losses": [
        0.40627263486385345,
        0.39081005326339174,
        0.3775259405374527,
        0.37282738728182657,
        0.3692931532859802,
        0.3689693680831364,
        0.3570335677691868,
        0.3535307901246207,
        0.3575002998113632,
        0.3764549855675016,
        0.3479670648063932,
        0.344403686267989,
        0.3437178262642452,
        0.33948126648153576,
        0.34686616701739176,
        0.33997065467493875,
        0.3375789906297411,
        0.33414269770894733,
        0.33443431556224823,
        0.34577321793351856
    ]
}