{
    "accuracy": 0.7867219169444194,
    "balanced_accuracy": 0.791359778457084,
    "precision": 0.5915796375216598,
    "recall": 0.8020826719156772,
    "specificity": 0.7806368849984908,
    "f1_score": 0.6809336423912458,
    "auc": 0.8596501145079467,
    "confusion_matrix": [
        [
            31035,
            8721
        ],
        [
            3117,
            12632
        ]
    ]
}