{
    "accuracy": 0.8475812989820737,
    "balanced_accuracy": 0.8513050285845944,
    "precision": 0.6849218356026223,
    "recall": 0.859946815246296,
    "specificity": 0.8426632419228929,
    "f1_score": 0.7625196496743768,
    "auc": 0.9228640720837784,
    "confusion_matrix": [
        [
            33463,
            6248
        ],
        [
            2212,
            13582
        ]
    ]
}