{
    "train_loss": [
        0.5187411378330898,
        0.45720965782618195,
        0.4368533938436464,
        0.4191364045791362,
        0.4056096284345548,
        0.39524863928144427,
        0.38788930625410123,
        0.3826057983708272,
        0.37755316152550655,
        0.3733277121721874,
        0.3709685004526569,
        0.36832334822224033,
        0.3658157262933968,
        0.3648336785180228,
        0.36235844841750536,
        0.3604104046448035,
        0.3600174739338835,
        0.3598397985306753,
        0.3580242193514301,
        0.3585668110078381
    ],
    "val_loss": [
        0.457269517400048,
        0.436429150538011,
        0.41785201809623024,
        0.3993885322050615,
        0.431544583494013,
        0.3841921004382047,
        0.41885386542840436,
        0.37000460191206497,
        0.385296939719807,
        0.3717985678802837,
        0.36008225787769665,
        0.37145166884769093,
        0.37144769430160524,
        0.35930940346284346,
        0.359649809924039,
        0.3543759535659443,
        0.35461563793095674,
        0.3545561795884913,
        0.35334323969754305,
        0.35306039669296957
    ],
    "best_epoch": 19,
    "best_val_loss": 0.35306039669296957,
    "hyperparameters": {
        "epochs": 20,
        "batch_size": 1024,
        "learning_rate": 0.0001,
        "val_ratio": 0.2,
        "seed": 42
    }
}