{
    "attack": "DeepFool",
    "overshoot": 0.02,
    "max_iter": 50,
    "clean_accuracy": 0.8475812989820737,
    "adversarial_accuracy": 1.801639491937663e-05,
    "attack_success_rate": 0.8475632825871543,
    "attack_success_rate_correct": 0.8475632825871543
}