{
    "attack": "FGSM",
    "epsilon": 0.05,
    "clean_accuracy": 0.8475812989820737,
    "adversarial_accuracy": 0.015169804522115124,
    "attack_success_rate": 0.8324114944599585,
    "attack_success_rate_correct": 0.8324114944599585
}