{
    "attack": "FGSM",
    "epsilon": 0.01,
    "clean_accuracy": 0.8475812989820737,
    "adversarial_accuracy": 0.23289793712278173,
    "attack_success_rate": 0.614683361859292,
    "attack_success_rate_correct": 0.614683361859292
}