{
    "attack": "FGSM",
    "epsilon": 0.2,
    "clean_accuracy": 0.8475812989820737,
    "adversarial_accuracy": 0.01974596883163679,
    "attack_success_rate": 0.8419962165570669,
    "attack_success_rate_correct": 0.8349157733537519
}