{
    "attack": "FGSM",
    "epsilon": 0.1,
    "clean_accuracy": 0.8475812989820737,
    "adversarial_accuracy": 0.0085577875867039,
    "attack_success_rate": 0.8390595441852086,
    "attack_success_rate_correct": 0.8390415277902892
}