{
    "standard_model": {
        "clean_accuracy": 0.769912620484641,
        "adversarial_accuracy": {
            "0.01": 0.04493288892892532,
            "0.05": 0.0,
            "0.1": 0.0,
            "0.2": 0.0
        }
    },
    "adversarial_model": {
        "clean_accuracy": 0.7720385550851274,
        "adversarial_accuracy": {
            "0.01": 0.7396811098099271,
            "0.05": 0.5692099810827853,
            "0.1": 0.21516980452211512,
            "0.2": 0.03904152779028916
        }
    }
}