{
    "attack": "FGSM",
    "epsilon": 0.01,
    "clean_accuracy": 0.7790649491036844,
    "adversarial_accuracy": 0.03996036393117737,
    "attack_success_rate": 0.739104585172507,
    "attack_success_rate_correct": 0.739104585172507
}