{
    "attack": "FGSM",
    "epsilon": 0.2,
    "clean_accuracy": 0.7790649491036844,
    "adversarial_accuracy": 0.0,
    "attack_success_rate": 0.7790649491036844,
    "attack_success_rate_correct": 0.7790649491036844
}