{
    "accuracy": 0.7790649491036844,
    "balanced_accuracy": 0.781285222767546,
    "precision": 0.5828445403782084,
    "recall": 0.7864378878054957,
    "specificity": 0.7761325577295963,
    "f1_score": 0.669505457485514,
    "auc": 0.8502821011796298,
    "confusion_matrix": [
        [
            30821,
            8890
        ],
        [
            3373,
            12421
        ]
    ]
}