{
    "standard_model": {
        "clean_accuracy": 0.7867219169444194,
        "adversarial_accuracy": {
            "0.01": 0.5373569948653274,
            "0.05": 0.030321592649310874,
            "0.1": 0.0008107377713719485,
            "0.2": 0.00037834429330690927
        }
    },
    "adversarial_model": {
        "clean_accuracy": 0.7906314746419242,
        "adversarial_accuracy": {
            "0.01": 0.7425277002071885,
            "0.05": 0.5817133591568328,
            "0.1": 0.39787406539951353,
            "0.2": 0.2245923790649491
        }
    }
}