{
    "standard_model": {
        "clean_accuracy": 0.8475812989820737,
        "adversarial_accuracy": {
            "0.01": 0.23289793712278173,
            "0.05": 0.015169804522115124,
            "0.1": 0.0085577875867039,
            "0.2": 0.01974596883163679
        }
    },
    "adversarial_model": {
        "clean_accuracy": 0.8299612647509234,
        "adversarial_accuracy": {
            "0.01": 0.7170164850013512,
            "0.05": 0.649364922079092,
            "0.1": 0.5382217818214575,
            "0.2": 0.34562652013332135
        }
    }
}